{
  "info": {
    "name": "TaskMaster API",
    "description": "Complete API collection for TaskMaster project",
    "schema": "https://schema.getpostman.com/json/collection/v2.1.0/collection.json"
  },
  "item": [
    {
      "name": "Authentication",
      "item": [
        {
          "name": "Register User",
          "request": {
            "method": "POST",
            "header": [{"key": "Content-Type", "value": "application/json"}],
            "body": {
              "mode": "raw",
              "raw": "{\n  \"username\": \"testuser\",\n  \"email\": \"test@example.com\",\n  \"password\": \"password123\"\n}"
            },
            "url": {
              "raw": "{{baseUrl}}/api/auth/register",
              "host": ["{{baseUrl}}"],
              "path": ["api", "auth", "register"]
            }
          }
        },
        {
          "name": "Login",
          "request": {
            "method": "POST",
            "header": [{"key": "Content-Type", "value": "application/json"}],
            "body": {
              "mode": "raw",
              "raw": "{\n  \"email\": \"test@example.com\",\n  \"password\": \"password123\"\n}"
            },
            "url": {
              "raw": "{{baseUrl}}/api/auth/login",
              "host": ["{{baseUrl}}"],
              "path": ["api", "auth", "login"]
            }
          }
        }
      ]
    },
    {
      "name": "Users",
      "item": [
        {
          "name": "Get Profile",
          "request": {
            "method": "GET",
            "header": [{"key": "Authorization", "value": "Bearer {{token}}"}],
            "url": {
              "raw": "{{baseUrl}}/api/users/profile",
              "host": ["{{baseUrl}}"],
              "path": ["api", "users", "profile"]
            }
          }
        },
        {
          "name": "Update Profile",
          "request": {
            "method": "PUT",
            "header": [
              {"key": "Content-Type", "value": "application/json"},
              {"key": "Authorization", "value": "Bearer {{token}}"}
            ],
            "body": {
              "mode": "raw",
              "raw": "{\n  \"username\": \"updatedname\"\n}"
            },
            "url": {
              "raw": "{{baseUrl}}/api/users/profile",
              "host": ["{{baseUrl}}"],
              "path": ["api", "users", "profile"]
            }
          }
        }
      ]
    },
    {
      "name": "Tasks",
      "item": [
        {
          "name": "Get All Tasks",
          "request": {
            "method": "GET",
            "header": [{"key": "Authorization", "value": "Bearer {{token}}"}],
            "url": {
              "raw": "{{baseUrl}}/api/tasks",
              "host": ["{{baseUrl}}"],
              "path": ["api", "tasks"]
            }
          }
        },
        {
          "name": "Create Task",
          "request": {
            "method": "POST",
            "header": [
              {"key": "Content-Type", "value": "application/json"},
              {"key": "Authorization", "value": "Bearer {{token}}"}
            ],
            "body": {
              "mode": "raw",
              "raw": "{\n  \"title\": \"Complete project\",\n  \"description\": \"Finish backend API\",\n  \"priority\": \"high\",\n  \"category\": \"work\",\n  \"dueDate\": \"2026-02-20\"\n}"
            },
            "url": {
              "raw": "{{baseUrl}}/api/tasks",
              "host": ["{{baseUrl}}"],
              "path": ["api", "tasks"]
            }
          }
        },
        {
          "name": "Search Tasks",
          "request": {
            "method": "GET",
            "header": [{"key": "Authorization", "value": "Bearer {{token}}"}],
            "url": {
              "raw": "{{baseUrl}}/api/tasks/search?q=project",
              "host": ["{{baseUrl}}"],
              "path": ["api", "tasks", "search"],
              "query": [{"key": "q", "value": "project"}]
            }
          }
        }
      ]
    },
    {
      "name": "Dashboard",
      "item": [
        {
          "name": "Get Dashboard",
          "request": {
            "method": "GET",
            "header": [{"key": "Authorization", "value": "Bearer {{token}}"}],
            "url": {
              "raw": "{{baseUrl}}/api/dashboard",
              "host": ["{{baseUrl}}"],
              "path": ["api", "dashboard"]
            }
          }
        }
      ]
    }
  ],
  "variable": [
    {"key": "baseUrl", "value": "http://localhost:5000"},
    {"key": "token", "value": ""}
  ]
}
